,lang,lang_score
count,6,6.0
unique,3,
top,en,
freq,3,
mean,,0.9707697331905365
std,,0.02171122379731363
min,,0.9450979828834534
25%,,0.9585383981466293
50%,,0.9640441834926605
75%,,0.9876621216535568
max,,0.9991941452026367
